protocol,target_city,target,comparison_budget,n_calibration,n_eval,calibration_anchor_ids,mae,rmse,r2,spearman,kendall,design_regret_kwh_m2,top_recovery
zero_shot_absolute,Ardahan,heating,0,0,1000,,10.257556770726223,11.305300974603487,0.9539969670563797,0.9979043899043899,0.9621021021021021,2.695930000000004,0.94
zero_shot_absolute,Ardahan,cooling,0,0,1000,,6.468138485696117,6.63053684032426,-1.8176393345537836,0.987573804536526,0.9079628708341594,0.10696800000000062,0.88
zero_shot_absolute,Ardahan,total,0,0,1000,,5.295355142678906,6.624748859731604,0.9824001889671787,0.9966617766617767,0.9530250250250251,1.541055,0.94
zero_shot_absolute_aligned_1shot,Ardahan,heating,1,0,999,base_0948,10.256409692441016,11.305202262078316,0.9540328011316176,0.997901917950014,0.962090346859886,2.695930000000004,0.94
zero_shot_absolute_aligned_1shot,Ardahan,cooling,1,0,999,base_0948,6.469946596098619,6.632214739176337,-1.8164013908045291,0.9876571791861717,0.9082317871300586,0.10696800000000062,0.88
zero_shot_absolute_aligned_1shot,Ardahan,total,1,0,999,base_0948,5.29391491315651,6.624638449592863,0.9824133524083829,0.9966595894491684,0.9530351995281856,1.541055,0.94
1_shot_global_bias,Ardahan,heating,1,1,999,base_0948,4.062688639459627,4.962039859773286,0.9911445249572167,0.997901917950014,0.962090346859886,2.695930000000004,0.94
1_shot_global_bias,Ardahan,cooling,1,1,999,base_0948,1.8121261768117771,2.322784238325955,0.6545420973493152,0.9876571791861717,0.9082317871300586,0.10696800000000062,0.88
1_shot_global_bias,Ardahan,total,1,1,999,base_0948,5.0905100825306615,6.219420154810525,0.984499043673772,0.9966595894491684,0.9530351995281856,1.541055,0.94
1_shot_raw_relative,Ardahan,heating,1,1,999,base_0948,4.390479325522088,5.357095423333269,0.9896783261745179,0.9958799159881323,0.9507322954216744,2.695930000000004,0.98
1_shot_raw_relative,Ardahan,cooling,1,1,999,base_0948,1.0514330932884584,1.344875868271549,0.8841911382618317,0.9847739171579614,0.8998346039777808,0.5468880000000005,0.88
1_shot_raw_relative,Ardahan,total,1,1,999,base_0948,4.595925174344208,5.7797991206083985,0.9866129714857592,0.9931015785324402,0.9382187799021467,1.541055,0.96
zero_shot_absolute_aligned_3shot,Ardahan,heating,3,0,997,base_0948|base_0945|base_0724,10.25579095214958,11.304526776568236,0.9540671671474228,0.9979014717571845,0.962095120703476,2.695930000000004,0.94
zero_shot_absolute_aligned_3shot,Ardahan,cooling,3,0,997,base_0948|base_0945|base_0724,6.470122465497446,6.632678225145939,-1.814098197877895,0.9876603183638255,0.9082739264725742,0.10696800000000062,0.88
zero_shot_absolute_aligned_3shot,Ardahan,total,3,0,997,base_0948|base_0945|base_0724,5.293854874066602,6.6243201637403155,0.9824263247185788,0.9966655525889063,0.9530680394597448,1.541055,0.94
3_shot_global_bias,Ardahan,heating,3,3,997,base_0948|base_0945|base_0724,3.9625144505731256,4.85976353347204,0.9915111524778292,0.9979014717571845,0.962095120703476,2.695930000000004,0.94
3_shot_global_bias,Ardahan,cooling,3,3,997,base_0948|base_0945|base_0724,1.0972939426914283,1.60227606617707,0.8357762057899398,0.9876603183638255,0.9082739264725742,0.10696800000000062,0.88
3_shot_global_bias,Ardahan,total,3,3,997,base_0948|base_0945|base_0724,4.579396497351169,5.6046444045979085,0.9874201316773766,0.9966655525889063,0.9530680394597448,1.541055,0.94
3_shot_raw_relative,Ardahan,heating,3,3,997,base_0948|base_0945|base_0724,6.3198480740416905,7.4949856239299475,0.9798088960158041,0.9918311687119694,0.9376442580754313,2.695930000000004,0.94
3_shot_raw_relative,Ardahan,cooling,3,3,997,base_0948|base_0945|base_0724,1.0085147984615437,1.269421225450334,0.8969203578556999,0.9840430246725733,0.900974913672108,0.10696800000000062,0.9
3_shot_raw_relative,Ardahan,total,3,3,997,base_0948|base_0945|base_0724,6.427273214161003,7.731257301215521,0.9760624210972793,0.9884836439443645,0.9283956286530275,1.541055,0.96
zero_shot_absolute,Bartin,heating,0,0,1000,,4.376834956810723,5.2403512185200976,0.9641807185247896,0.9953047433047434,0.944988988988989,0.8561049999999994,0.98
zero_shot_absolute,Bartin,cooling,0,0,1000,,2.439214408186078,2.7846531912567425,0.9262210502997397,0.9821438141438141,0.8925485485485485,0.2197490000000002,0.86
zero_shot_absolute,Bartin,total,0,0,1000,,3.2918057673696475,4.221777767228842,0.9672396723386824,0.9906112026112026,0.9233553553553554,1.372951999999998,0.84
zero_shot_absolute_aligned_1shot,Bartin,heating,1,0,999,base_0948,4.377122499372142,5.241376561327549,0.9641941928057934,0.9952955039207544,0.944942938930915,0.8561049999999994,0.98
zero_shot_absolute_aligned_1shot,Bartin,cooling,1,0,999,base_0948,2.4394114257713184,2.785143100009017,0.926245749829839,0.9821435303038508,0.8925418404376322,0.2197490000000002,0.86
zero_shot_absolute_aligned_1shot,Bartin,total,1,0,999,base_0948,3.2931970456663917,4.223461595514872,0.9672244559191404,0.9905905745424781,0.9232699633501239,1.372951999999998,0.84
1_shot_global_bias,Bartin,heating,1,1,999,base_0948,2.657594735542719,3.295856546513009,0.9858420835396349,0.9952955039207544,0.944942938930915,0.8561049999999994,0.98
1_shot_global_bias,Bartin,cooling,1,1,999,base_0948,1.2063754943458762,1.643373823198819,0.9743217895480859,0.9821435303038508,0.8925418404376322,0.2197490000000002,0.86
1_shot_global_bias,Bartin,total,1,1,999,base_0948,3.014236756816342,3.8082060692477877,0.9733526704688956,0.9905905745424781,0.9232699633501239,1.372951999999998,0.84
1_shot_raw_relative,Bartin,heating,1,1,999,base_0948,2.0418029836157947,2.6362859194350228,0.9909416777982083,0.9986338924094434,0.969548707023657,0.0,0.96
1_shot_raw_relative,Bartin,cooling,1,1,999,base_0948,0.9031287579410648,1.2611450071666308,0.9848775529079555,0.9937864076501348,0.9334284183983583,0.0,0.94
1_shot_raw_relative,Bartin,total,1,1,999,base_0948,2.6141894231760463,3.36900529706465,0.9791447116652989,0.9948677535250681,0.9451916846706427,14.052098,0.82
zero_shot_absolute_aligned_3shot,Bartin,heating,3,0,997,base_0948|base_0945|base_0724,4.372453119778094,5.236541681718391,0.9643010281191654,0.9953248571559138,0.9450882768788293,0.8561049999999994,0.98
zero_shot_absolute_aligned_3shot,Bartin,cooling,3,0,997,base_0948|base_0945|base_0724,2.440172267271939,2.786385937831796,0.9262840756474295,0.9821446859834885,0.8925088518567753,0.2197490000000002,0.86
zero_shot_absolute_aligned_3shot,Bartin,total,3,0,997,base_0948|base_0945|base_0724,3.2904498863983354,4.220987446784461,0.9672967714539111,0.9906786782347672,0.9235537939118562,1.372951999999998,0.84
3_shot_global_bias,Bartin,heating,3,3,997,base_0948|base_0945|base_0724,3.0729969973661215,3.7366352749301552,0.9818227576342601,0.9953248571559138,0.9450882768788293,0.8561049999999994,0.98
3_shot_global_bias,Bartin,cooling,3,3,997,base_0948|base_0945|base_0724,1.2128964926194963,1.649933388346938,0.9741529133653107,0.9821446859834885,0.8925088518567753,0.2197490000000002,0.86
3_shot_global_bias,Bartin,total,3,3,997,base_0948|base_0945|base_0724,3.5300705497866236,4.252014421535655,0.9668142248730229,0.9906786782347672,0.9235537939118562,1.372951999999998,0.84
3_shot_raw_relative,Bartin,heating,3,3,997,base_0948|base_0945|base_0724,2.8446896770473318,3.5507369512498865,0.9835864100837106,0.996911310022009,0.957406355613024,0.0,0.98
3_shot_raw_relative,Bartin,cooling,3,3,997,base_0948|base_0945|base_0724,1.0033242391530923,1.3123010385766203,0.9836489471828027,0.9932565642456986,0.9304540126403308,0.0,0.94
3_shot_raw_relative,Bartin,total,3,3,997,base_0948|base_0945|base_0724,3.113991076966417,3.890343461782982,0.9722196061632079,0.9952145109060189,0.9478032491047441,4.646491999999995,0.8
zero_shot_absolute,Bingol,heating,0,0,1000,,41.04773730730804,41.41060092486695,-0.08556452355800337,0.9937358377358377,0.9334534534534535,6.005963000000008,0.96
zero_shot_absolute,Bingol,cooling,0,0,1000,,9.338589131101445,9.457919625065347,0.07511823664814721,0.9945123314958685,0.9362311673990349,0.13016700000000014,0.88
zero_shot_absolute,Bingol,total,0,0,1000,,50.386148377909485,50.76499368732391,-1.000601237357647,0.9816649656649656,0.887023023023023,1.6042380000000094,0.88
zero_shot_absolute_aligned_1shot,Bingol,heating,1,0,999,base_0948,41.046947060268316,41.41017170296326,-0.08460719991372656,0.9937337377457617,0.9334364424544787,6.005963000000008,0.96
zero_shot_absolute_aligned_1shot,Bingol,cooling,1,0,999,base_0948,9.33959207168987,9.458975425083583,0.07540425782843774,0.9945153820990792,0.9362478071741851,0.13016700000000014,0.88
zero_shot_absolute_aligned_1shot,Bingol,total,1,0,999,base_0948,50.38636840808281,50.76558940512561,-0.9993683633181258,0.9816408552841416,0.8869651214340595,1.6042380000000094,0.88
1_shot_global_bias,Bingol,heating,1,1,999,base_0948,4.4158300586279475,5.529461807827938,0.9806614393878633,0.9937337377457617,0.9334364424544787,6.005963000000008,0.96
1_shot_global_bias,Bingol,cooling,1,1,999,base_0948,1.27200735321435,1.8028105420905969,0.9664135677610493,0.9945153820990792,0.9362478071741851,0.13016700000000014,0.88
1_shot_global_bias,Bingol,total,1,1,999,base_0948,5.044717436621713,6.197105150457472,0.9702058033094559,0.9816408552841416,0.8869651214340595,1.6042380000000094,0.88
1_shot_raw_relative,Bingol,heating,1,1,999,base_0948,4.492065356107997,5.672049281462512,0.9796512183511651,0.9924026190519174,0.9299339419579901,6.005963000000008,0.96
1_shot_raw_relative,Bingol,cooling,1,1,999,base_0948,2.3360385524474396,3.1637288441141296,0.8965662660557501,0.9943693513152431,0.937516674991625,0.0,0.86
1_shot_raw_relative,Bingol,total,1,1,999,base_0948,4.200475653019798,5.911722596049245,0.9728867209492676,0.9859642769021525,0.9070292737627408,0.0,0.9
zero_shot_absolute_aligned_3shot,Bingol,heating,3,0,997,base_0948|base_0945|base_0724,41.04089000182829,41.40459029451577,-0.0833783276675244,0.9937223724194292,0.9333703923014023,6.005963000000008,0.96
zero_shot_absolute_aligned_3shot,Bingol,cooling,3,0,997,base_0948|base_0945|base_0724,9.340496524619423,9.46008002600329,0.07645533372507762,0.994526287758555,0.9362776444575855,0.13016700000000014,0.88
zero_shot_absolute_aligned_3shot,Bingol,total,3,0,997,base_0948|base_0945|base_0724,50.38123767945223,50.761072164157135,-0.9971114563115451,0.9816128008333862,0.8868533310775701,1.6042380000000094,0.88
3_shot_global_bias,Bingol,heating,3,3,997,base_0948|base_0945|base_0724,4.68283902246541,5.932533655510459,0.9777585251792197,0.9937223724194292,0.9333703923014023,6.005963000000008,0.96
3_shot_global_bias,Bingol,cooling,3,3,997,base_0948|base_0945|base_0724,1.124049554838022,1.628642890400009,0.9726271498752016,0.994526287758555,0.9362776444575855,0.13016700000000014,0.88
3_shot_global_bias,Bingol,total,3,3,997,base_0948|base_0945|base_0724,5.216820117481333,6.413208387621904,0.9681219730395363,0.9816128008333862,0.8868533310775701,1.6042380000000094,0.88
3_shot_raw_relative,Bingol,heating,3,3,997,base_0948|base_0945|base_0724,6.25992427211158,7.369068841417215,0.9656830732452002,0.9928732160699691,0.9345264709792028,15.46803100000001,0.94
3_shot_raw_relative,Bingol,cooling,3,3,997,base_0948|base_0945|base_0724,1.3780791016203247,2.2246374931767425,0.9489275386172759,0.9952529316951024,0.9409271992684884,0.0,0.92
3_shot_raw_relative,Bingol,total,3,3,997,base_0948|base_0945|base_0724,6.001054825006992,7.16486543180465,0.9602115697182261,0.9868330757053739,0.910518704708503,4.530647000000016,0.94
zero_shot_absolute,Canakkale,heating,0,0,1000,,4.256112277587859,5.338419413808833,0.9419961283554728,0.9886550926550928,0.9182422422422424,0.0,0.94
zero_shot_absolute,Canakkale,cooling,0,0,1000,,12.778834479213735,12.820454508594777,-0.10334604223317889,0.998016926016926,0.96586986986987,0.0,0.98
zero_shot_absolute,Canakkale,total,0,0,1000,,15.184752615191735,15.799133336255572,0.35024117927398035,0.9779200019200021,0.8746146146146146,1.6226949999999931,0.94
zero_shot_absolute_aligned_1shot,Canakkale,heating,1,0,999,base_0948,4.2549597674544595,5.338349846730586,0.9420465740907067,0.9886990798413643,0.9183592410045317,0.0,0.94
zero_shot_absolute_aligned_1shot,Canakkale,cooling,1,0,999,base_0948,12.779825151606069,12.821445282935537,-0.10295523773411808,0.9980183791005433,0.9659178216292447,0.0,0.98
zero_shot_absolute_aligned_1shot,Canakkale,total,1,0,999,base_0948,15.182731216399505,15.797664330074685,0.3505036693643172,0.9778792299313339,0.8745318464757343,1.6226949999999931,0.94
1_shot_global_bias,Canakkale,heating,1,1,999,base_0948,4.709772627377659,5.634244309719476,0.9354440315889792,0.9886990798413643,0.9183592410045317,0.0,0.94
1_shot_global_bias,Canakkale,cooling,1,1,999,base_0948,1.1334301363196566,1.4307201077128557,0.9862661189193527,0.9980183791005433,0.9659178216292447,0.0,0.98
1_shot_global_bias,Canakkale,total,1,1,999,base_0948,4.037484721966676,4.806935598009479,0.9398649680936726,0.9778792299313339,0.8745318464757343,1.6226949999999931,0.94
1_shot_raw_relative,Canakkale,heating,1,1,999,base_0948,3.4517425011059566,5.340629144951546,0.9419970751466283,0.9982982541659893,0.9651435002136406,0.0,0.94
1_shot_raw_relative,Canakkale,cooling,1,1,999,base_0948,0.7692439605231295,1.1253786947950122,0.9915026932026021,0.9985203199191175,0.9698094888475651,0.0,0.96
1_shot_raw_relative,Canakkale,total,1,1,999,base_0948,2.9682585537517965,5.0006284156510326,0.9349211144356061,0.9931840016369075,0.9295929195728796,3.440056999999996,0.7
zero_shot_absolute_aligned_3shot,Canakkale,heating,3,0,997,base_0948|base_0945|base_0724,4.259541017029975,5.342647462966999,0.9420284950076049,0.9887263136682909,0.9184863828433092,0.0,0.94
zero_shot_absolute_aligned_3shot,Canakkale,cooling,3,0,997,base_0948|base_0945|base_0724,12.780060274343812,12.82175379127892,-0.10153831909791133,0.9980189621185066,0.9659218619714567,0.0,0.98
zero_shot_absolute_aligned_3shot,Canakkale,total,3,0,997,base_0948|base_0945|base_0724,15.183810116192886,15.79982742075482,0.3511271854549526,0.9778665498874878,0.8744748301128287,1.6226949999999931,0.94
3_shot_global_bias,Canakkale,heating,3,3,997,base_0948|base_0945|base_0724,4.149952848473651,4.823903644641611,0.9527394482096357,0.9887263136682909,0.9184863828433092,0.0,0.94
3_shot_global_bias,Canakkale,cooling,3,3,997,base_0948|base_0945|base_0724,0.8211170025771382,1.1110275882036964,0.9917290683942012,0.9980189621185066,0.9659218619714567,0.0,0.98
3_shot_global_bias,Canakkale,total,3,3,997,base_0948|base_0945|base_0724,3.702708830322409,4.379388426152499,0.9501480873679717,0.9778665498874878,0.8744748301128287,1.6226949999999931,0.94
3_shot_raw_relative,Canakkale,heating,3,3,997,base_0948|base_0945|base_0724,3.7957953446418937,5.7534785945277145,0.9327700880435699,0.9983556313966893,0.9677748103748999,0.6405760000000029,0.92
3_shot_raw_relative,Canakkale,cooling,3,3,997,base_0948|base_0945|base_0724,0.6962978644591159,1.0092312056492776,0.9931752604167061,0.998960858721225,0.9741553979206699,0.0,0.98
3_shot_raw_relative,Canakkale,total,3,3,997,base_0948|base_0945|base_0724,3.406793565280585,5.414452470361494,0.9237984186372316,0.9895329201744357,0.9186112554531064,3.4860510000000033,0.7
zero_shot_absolute,Hatay,heating,0,0,1000,,5.667464896261864,6.612294193471051,0.7863194486943055,0.9877639357639358,0.9118158158158158,0.3305550000000004,0.94
zero_shot_absolute,Hatay,cooling,0,0,1000,,59.88611010790548,59.99468798782651,-11.153390537348885,0.9851376011376012,0.894910910910911,0.0,0.76
zero_shot_absolute,Hatay,total,0,0,1000,,54.22183257929663,54.44216289500464,-8.213540244641838,0.9609884769884769,0.8339419419419419,1.5962959999999953,0.8
zero_shot_absolute_aligned_1shot,Hatay,heating,1,0,999,base_0948,5.672976101171823,6.615600842372389,0.7863039590769736,0.9878225881191812,0.9120001765292347,0.3305550000000004,0.94
zero_shot_absolute_aligned_1shot,Hatay,cooling,1,0,999,base_0948,59.890132903849995,59.99867722447232,-11.152154066039481,0.9851562584628715,0.8949691174140073,0.0,0.76
zero_shot_absolute_aligned_1shot,Hatay,total,1,0,999,base_0948,54.22035487575276,54.440891227202705,-8.214160347382984,0.9608975428334146,0.8337816774690523,1.5962959999999953,0.8
1_shot_global_bias,Hatay,heating,1,1,999,base_0948,5.513132829204098,6.4775327712790505,0.795130585498267,0.9878225881191812,0.9120001765292347,0.3305550000000004,0.94
1_shot_global_bias,Hatay,cooling,1,1,999,base_0948,4.392416501271124,5.403344950754126,0.9014412235691355,0.9851562584628715,0.8949691174140073,0.0,0.76
1_shot_global_bias,Hatay,total,1,1,999,base_0948,4.157354861198846,5.115623730724588,0.9186415811206011,0.9608975428334146,0.8337816774690523,1.5962959999999953,0.8
1_shot_raw_relative,Hatay,heating,1,1,999,base_0948,2.26133627958293,2.8452375273893766,0.9604729006813659,0.9919110894461594,0.9296892082463226,0.4893470000000004,0.84
1_shot_raw_relative,Hatay,cooling,1,1,999,base_0948,2.4791322604584685,3.2709093167102963,0.9638833946882642,0.9983046573627734,0.9644614554434194,0.44499199999999917,0.9
1_shot_raw_relative,Hatay,total,1,1,999,base_0948,2.9657379603403458,3.8346222820703235,0.9542858660744572,0.9790223931346175,0.8817775691523188,0.1543230000000051,0.92
zero_shot_absolute_aligned_3shot,Hatay,heating,3,0,997,base_0948|base_0945|base_0724,5.668366957825685,6.607051279517704,0.7872039361761451,0.9879289097463578,0.9123555405171339,0.3305550000000004,0.94
zero_shot_absolute_aligned_3shot,Hatay,cooling,3,0,997,base_0948|base_0945|base_0724,59.89113874016927,59.999893618975555,-11.134329481440064,0.985130173823012,0.89487740329422,0.0,0.76
zero_shot_absolute_aligned_3shot,Hatay,total,3,0,997,base_0948|base_0945|base_0724,54.225940205311,54.446026612073936,-8.205078259793865,0.9610764592107929,0.8340926393638749,1.5962959999999953,0.8
3_shot_global_bias,Hatay,heating,3,3,997,base_0948|base_0945|base_0724,2.606384543120436,3.415285649798539,0.9431405961467569,0.9879289097463578,0.9123555405171339,0.3305550000000004,0.94
3_shot_global_bias,Hatay,cooling,3,3,997,base_0948|base_0945|base_0724,3.2410318261807167,3.981007057015466,0.9465803894839065,0.985130173823012,0.89487740329422,0.0,0.76
3_shot_global_bias,Hatay,total,3,3,997,base_0948|base_0945|base_0724,4.080956431905843,5.081143010677178,0.9198288820147398,0.9610764592107929,0.8340926393638749,1.5962959999999953,0.8
3_shot_raw_relative,Hatay,heating,3,3,997,base_0948|base_0945|base_0724,2.1673722508111966,2.4982769048877227,0.9695750844315094,0.9922750602048801,0.931863864686429,0.4893470000000004,0.94
3_shot_raw_relative,Hatay,cooling,3,3,997,base_0948|base_0945|base_0724,1.958035809584857,2.6062679941779585,0.9771043507171304,0.99860074707063,0.9682904134089015,0.0,0.94
3_shot_raw_relative,Hatay,total,3,3,997,base_0948|base_0945|base_0724,3.4014524614529202,4.451457526238025,0.938468206946925,0.9765462212263951,0.8720901660805711,0.1543230000000051,0.92
zero_shot_absolute,Kars,heating,0,0,1000,,15.052776588690575,15.595793467324109,0.9084057606953129,0.9977554577554577,0.9615335335335335,2.220088000000004,0.94
zero_shot_absolute,Kars,cooling,0,0,1000,,0.4955382321538964,0.6638099919302146,0.9831824469049641,0.992979644979645,0.9293773773773775,0.0817490000000003,0.9
zero_shot_absolute,Kars,total,0,0,1000,,14.875149458338205,15.382448864189591,0.8984683031024984,0.9972605772605773,0.9587587587587588,0.9799199999999928,0.94
zero_shot_absolute_aligned_1shot,Kars,heating,1,0,999,base_0948,15.053065220933858,15.596603458244092,0.9084644911806421,0.9977523575679886,0.9615206388753484,2.220088000000004,0.94
zero_shot_absolute_aligned_1shot,Kars,cooling,1,0,999,base_0948,0.4951558902377309,0.663561615076665,0.9832096288294288,0.993018228649491,0.9295648353764587,0.0817490000000003,0.9
zero_shot_absolute_aligned_1shot,Kars,total,1,0,999,base_0948,14.874389424326978,15.382194569469549,0.8985393154972818,0.9972598891476646,0.9587764116822235,0.9799199999999928,0.94
1_shot_global_bias,Kars,heating,1,1,999,base_0948,3.1905426279873033,4.091769233459623,0.9936998367335033,0.9977523575679886,0.9615206388753484,2.220088000000004,0.94
1_shot_global_bias,Kars,cooling,1,1,999,base_0948,1.0602319572184853,1.233576443953765,0.941973026333674,0.993018228649491,0.9295648353764587,0.0817490000000003,0.9
1_shot_global_bias,Kars,total,1,1,999,base_0948,3.2154148056756693,3.9941918788882873,0.9931590087381944,0.9972598891476646,0.9587764116822235,0.9799199999999928,0.94
1_shot_raw_relative,Kars,heating,1,1,999,base_0948,3.9670456095505537,4.830150323111017,0.9912208830760074,0.9950870509788344,0.9452919853721459,2.220088000000004,0.96
1_shot_raw_relative,Kars,cooling,1,1,999,base_0948,0.5825778845257038,0.8675558456762715,0.9712992882683529,0.9916131722905269,0.9262749723671568,0.46553800000000045,0.92
1_shot_raw_relative,Kars,total,1,1,999,base_0948,3.732510136696631,4.582483374852558,0.9909954299055878,0.9932232633435035,0.9367864858846824,0.9799199999999928,0.94
zero_shot_absolute_aligned_3shot,Kars,heating,3,0,997,base_0948|base_0945|base_0724,15.053116823412195,15.596381475860353,0.9085185072942786,0.9977535644333103,0.961539236182443,2.220088000000004,0.94
zero_shot_absolute_aligned_3shot,Kars,cooling,3,0,997,base_0948|base_0945|base_0724,0.4952251473859209,0.663903796788599,0.9832099646887112,0.9930532476779398,0.9297289458737661,0.0817490000000003,0.9
zero_shot_absolute_aligned_3shot,Kars,total,3,0,997,base_0948|base_0945|base_0724,14.875027850784768,15.382446196369656,0.8985942757861046,0.9972770764184291,0.9588685735922629,0.9799199999999928,0.94
3_shot_global_bias,Kars,heating,3,3,997,base_0948|base_0945|base_0724,3.1887716392986647,4.082113573426534,0.9937330574825792,0.9977535644333103,0.961539236182443,2.220088000000004,0.94
3_shot_global_bias,Kars,cooling,3,3,997,base_0948|base_0945|base_0724,0.49317606423621924,0.6601672374424502,0.9833984269831361,0.9930532476779398,0.9297289458737661,0.0817490000000003,0.9
3_shot_global_bias,Kars,total,3,3,997,base_0948|base_0945|base_0724,3.112534074821432,3.9186357767092717,0.9934191580588846,0.9972770764184291,0.9588685735922629,0.9799199999999928,0.94
3_shot_raw_relative,Kars,heating,3,3,997,base_0948|base_0945|base_0724,5.771898197721312,7.229431120226628,0.9803440611412745,0.9906021272645231,0.9289998509584981,4.175809000000015,0.92
3_shot_raw_relative,Kars,cooling,3,3,997,base_0948|base_0945|base_0724,0.5829011219187377,0.8610986034132295,0.9717546425897929,0.991134666282451,0.9265829617366156,0.0817490000000003,0.9
3_shot_raw_relative,Kars,total,3,3,997,base_0948|base_0945|base_0724,5.608108986694146,7.128551427566003,0.9782221884327551,0.9887101001679497,0.924137875473811,0.9799199999999928,0.92
zero_shot_absolute,Konya,heating,0,0,1000,,6.144605465092751,8.118008031816121,0.9522634995395296,0.980770808770809,0.8878958958958959,0.0,0.68
zero_shot_absolute,Konya,cooling,0,0,1000,,2.1787399348263947,3.160439746665824,0.8958989892665725,0.9756701436701437,0.8829349349349349,0.0,0.96
zero_shot_absolute,Konya,total,0,0,1000,,7.994953002575786,10.866932895518861,0.8911800459346565,0.9527608247608249,0.8262462462462462,0.8328520000000026,0.94
zero_shot_absolute_aligned_1shot,Konya,heating,1,0,999,base_0948,6.1507518585462755,8.122070081453582,0.9522606555640075,0.9807763153935497,0.8878718397756475,0.0,0.68
zero_shot_absolute_aligned_1shot,Konya,cooling,1,0,999,base_0948,2.1795710309700964,3.1617333166079797,0.8958837992120035,0.9756228131939553,0.8828608167285523,0.0,0.96
zero_shot_absolute_aligned_1shot,Konya,total,1,0,999,base_0948,8.001594255190186,10.87228525255584,0.8911601198878846,0.9528101127179283,0.8262671489124396,0.8328520000000026,0.94
1_shot_global_bias,Konya,heating,1,1,999,base_0948,6.15017161043015,8.123214234316423,0.952247204570779,0.9807763153935497,0.8878718397756475,0.0,0.68
1_shot_global_bias,Konya,cooling,1,1,999,base_0948,1.9191778533241388,3.543001480377678,0.8692593894872045,0.9756228131939553,0.8828608167285523,0.0,0.96
1_shot_global_bias,Konya,total,1,1,999,base_0948,7.7498971372087935,11.24906477141783,0.8834857046652382,0.9528101127179283,0.8262671489124396,0.8328520000000026,0.94
1_shot_raw_relative,Konya,heating,1,1,999,base_0948,3.5145506573047554,4.739241840378305,0.9837459823135523,0.9956038924696237,0.9463832570044997,0.0,0.88
1_shot_raw_relative,Konya,cooling,1,1,999,base_0948,0.8169869596663227,1.037912970564933,0.9887800810529329,0.9983305349437612,0.9660983628919503,0.15410400000000024,0.96
1_shot_raw_relative,Konya,total,1,1,999,base_0948,3.829432871355898,4.997228024452409,0.9770065196692543,0.9898563613713912,0.9216250318454728,0.8328520000000026,0.92
zero_shot_absolute_aligned_3shot,Konya,heating,3,0,997,base_0948|base_0945|base_0724,6.149141965744836,8.124117383728079,0.9523030077699335,0.9808285711372716,0.8880295504988863,0.0,0.68
zero_shot_absolute_aligned_3shot,Konya,cooling,3,0,997,base_0948|base_0945|base_0724,2.181872439531768,3.1644966062696422,0.8958330928103883,0.9755740892910765,0.8827567038464793,0.0,0.96
zero_shot_absolute_aligned_3shot,Konya,total,3,0,997,base_0948|base_0945|base_0724,8.002729042332119,10.877716982521441,0.8912070868948718,0.9528498817068344,0.8264029034895852,0.8328520000000026,0.94
3_shot_global_bias,Konya,heating,3,3,997,base_0948|base_0945|base_0724,6.095598659751312,8.329195690267412,0.9498645698814695,0.9808285711372716,0.8880295504988863,0.0,0.68
3_shot_global_bias,Konya,cooling,3,3,997,base_0948|base_0945|base_0724,1.844578211569907,3.454989038238733,0.875830809773332,0.9755740892910765,0.8827567038464793,0.0,0.96
3_shot_global_bias,Konya,total,3,3,997,base_0948|base_0945|base_0724,7.725471372812187,11.419728241883385,0.8800951821531208,0.9528498817068344,0.8264029034895852,0.8328520000000026,0.94
3_shot_raw_relative,Konya,heating,3,3,997,base_0948|base_0945|base_0724,3.666542381375021,5.034717389585288,0.9816815463940903,0.9947385072376753,0.9425545713445559,0.0,0.84
3_shot_raw_relative,Konya,cooling,3,3,997,base_0948|base_0945|base_0724,0.6114045898172955,0.7988059991579258,0.993362521353753,0.9987617680770056,0.971085948608879,0.15410400000000024,0.96
3_shot_raw_relative,Konya,total,3,3,997,base_0948|base_0945|base_0724,3.5279640928675144,4.813538535443346,0.9786963508269084,0.9899181451929978,0.9230301345804484,0.8328520000000026,0.94
zero_shot_absolute,Sanliurfa,heating,0,0,1000,,31.088043675696362,33.289165610764705,-0.9758425175877494,0.9699310659310659,0.8563563563563564,0.0,0.68
zero_shot_absolute,Sanliurfa,cooling,0,0,1000,,71.02408704809724,71.63580290360802,-18.85721700203263,0.9150035310035309,0.736860860860861,4.874218000000013,0.18
zero_shot_absolute,Sanliurfa,total,0,0,1000,,39.935713663900884,43.332787806730614,-1.969422432851057,0.8121154281154281,0.620004004004004,3.795064999999994,0.64
zero_shot_absolute_aligned_1shot,Sanliurfa,heating,1,0,999,base_0948,31.092527360741816,33.2951811176515,-0.9746999634641635,0.9699584875456617,0.8563974796439727,0.0,0.68
zero_shot_absolute_aligned_1shot,Sanliurfa,cooling,1,0,999,base_0948,71.03552150578854,71.64683691606233,-18.86637306855888,0.9150346699404814,0.7369152719854124,4.874218000000013,0.18
zero_shot_absolute_aligned_1shot,Sanliurfa,total,1,0,999,base_0948,39.94267162137153,43.34190845779984,-1.9702086764534639,0.8122502783344465,0.6200729787904138,3.795064999999994,0.64
1_shot_global_bias,Sanliurfa,heating,1,1,999,base_0948,10.671192982470826,12.725064226384033,0.7115581178610345,0.9699584875456617,0.8563974796439727,0.0,0.68
1_shot_global_bias,Sanliurfa,cooling,1,1,999,base_0948,11.785133966798806,14.76383240122065,0.1564268346708797,0.9150346699404814,0.7369152719854124,4.874218000000013,0.18
1_shot_global_bias,Sanliurfa,total,1,1,999,base_0948,14.26991855353565,18.20474579366996,0.47598931919173637,0.8122502783344465,0.6200729787904138,3.795064999999994,0.64
1_shot_raw_relative,Sanliurfa,heating,1,1,999,base_0948,3.408272839189161,4.196111432557719,0.9686359324545267,0.9932439293000412,0.9323732550185457,0.0,0.88
1_shot_raw_relative,Sanliurfa,cooling,1,1,999,base_0948,5.389670110671592,7.01351836619855,0.8096309159236845,0.9518719842086575,0.806676415894853,2.5461340000000092,0.54
1_shot_raw_relative,Sanliurfa,total,1,1,999,base_0948,7.256557021473943,9.159493941134695,0.8673479821262979,0.9805513128358817,0.8849631194320574,0.9413959999999975,0.88
zero_shot_absolute_aligned_3shot,Sanliurfa,heating,3,0,997,base_0948|base_0945|base_0724,31.088118923062744,33.290785836648475,-0.9710081391931347,0.969958248601952,0.8564448365175851,0.0,0.68
zero_shot_absolute_aligned_3shot,Sanliurfa,cooling,3,0,997,base_0948|base_0945|base_0724,71.04381044858188,71.65582489747985,-18.84059245624681,0.9152474445331795,0.7372398319456362,4.874218000000013,0.18
zero_shot_absolute_aligned_3shot,Sanliurfa,total,3,0,997,base_0948|base_0945|base_0724,39.955332289356136,43.357649902311884,-1.9686496395147741,0.812244215079989,0.6200005639408185,3.795064999999994,0.64
3_shot_global_bias,Sanliurfa,heating,3,3,997,base_0948|base_0945|base_0724,9.880651264994022,11.908228775795106,0.7478060505290012,0.969958248601952,0.8564448365175851,0.0,0.68
3_shot_global_bias,Sanliurfa,cooling,3,3,997,base_0948|base_0945|base_0724,8.606292790557644,11.426191524717677,0.4955075916755075,0.9152474445331795,0.7372398319456362,4.874218000000013,0.18
3_shot_global_bias,Sanliurfa,total,3,3,997,base_0948|base_0945|base_0724,14.193279679317172,18.065075613964,0.48464434729591077,0.812244215079989,0.6200005639408185,3.795064999999994,0.64
3_shot_raw_relative,Sanliurfa,heating,3,3,997,base_0948|base_0945|base_0724,4.3696846489030845,5.060405825588899,0.9544581133603278,0.9926283788952875,0.9329998026207136,0.0,0.92
3_shot_raw_relative,Sanliurfa,cooling,3,3,997,base_0948|base_0945|base_0724,3.490733234710006,4.675588855269704,0.9155257652742909,0.963841290876517,0.8312044567437252,2.5461340000000092,0.54
3_shot_raw_relative,Sanliurfa,total,3,3,997,base_0948|base_0945|base_0724,7.103242566556643,8.452120947705318,0.887187069025339,0.982421490029642,0.892089924391649,0.9413959999999975,0.88
AARS_v4_1_shot,Ardahan,heating,1,1,999,base_0948,3.07901465358292,3.9275461126169433,0.9944520319465406,0.9976315874993228,0.9656209315527956,0.0,0.98
AARS_v4_1_shot,Ardahan,cooling,1,1,999,base_0948,1.0514330932884584,1.344875868271549,0.8841911382618317,0.9847739171579614,0.8998346039777808,0.5468880000000005,0.88
AARS_v4_1_shot,Ardahan,total,1,1,999,base_0948,3.727969810343689,4.748636199611323,0.9909635781501944,0.9948592560496364,0.9473702159072902,1.541055,0.96
AARS_v4_3_shot,Ardahan,heating,3,3,997,base_0948|base_0945|base_0724,3.297105071217264,4.0562901263216,0.994086065940731,0.997383765851966,0.9603307915715018,2.695930000000004,1.0
AARS_v4_3_shot,Ardahan,cooling,3,3,997,base_0948|base_0945|base_0724,1.0085147984615437,1.269421225450334,0.8969203578556999,0.9840430246725732,0.900974913672108,0.1069680000000006,0.9
AARS_v4_3_shot,Ardahan,total,3,3,997,base_0948|base_0945|base_0724,4.070764550656734,4.891201923480688,0.9904189930996786,0.992887116815594,0.936234406029333,1.541055,0.96
AARS_v4_1_shot,Bartin,heating,1,1,999,base_0948,2.30540383880889,2.9207774877265043,0.9888811546594984,0.9976555152346732,0.9644694794995398,0.0,0.92
AARS_v4_1_shot,Bartin,cooling,1,1,999,base_0948,0.9031287579410648,1.2611450071666308,0.9848775529079556,0.9937864076501348,0.9334284183983584,0.0,0.94
AARS_v4_1_shot,Bartin,total,1,1,999,base_0948,2.375353417422378,3.1635102669838178,0.981611288150718,0.9946264902176724,0.9440923889821689,4.646491999999995,0.84
AARS_v4_3_shot,Bartin,heating,3,3,997,base_0948|base_0945|base_0724,1.712389086551075,2.356314461514293,0.9927717514701744,0.9989411094911606,0.9761654441235352,0.0,0.98
AARS_v4_3_shot,Bartin,cooling,3,3,997,base_0948|base_0945|base_0724,1.0033242391530923,1.3123010385766205,0.9836489471828028,0.9932565642456986,0.9304540126403308,0.0,0.94
AARS_v4_3_shot,Bartin,total,3,3,997,base_0948|base_0945|base_0724,1.941246076814577,2.7921182277625824,0.9856903136069556,0.9961729842689816,0.9560166443104414,4.646491999999995,0.84
AARS_v4_1_shot,Bingol,heating,1,1,999,base_0948,5.878507012013976,6.931706630153993,0.9696094354225238,0.9980382747476936,0.9639559399078438,8.411415000000005,0.98
AARS_v4_1_shot,Bingol,cooling,1,1,999,base_0948,2.33603855244744,3.1637288441141296,0.8965662660557501,0.9943693513152432,0.937516674991625,0.0,0.86
AARS_v4_1_shot,Bingol,total,1,1,999,base_0948,3.783065680187663,4.771203290561478,0.9823392235722076,0.9981284370542884,0.967189634524304,0.970778000000024,0.94
AARS_v4_3_shot,Bingol,heating,3,3,997,base_0948|base_0945|base_0724,4.015701586425391,4.929701052063455,0.9846423655042712,0.998367643190818,0.9669812650803818,8.411415000000005,0.98
AARS_v4_3_shot,Bingol,cooling,3,3,997,base_0948|base_0945|base_0724,1.3780791016203249,2.2246374931767425,0.948927538617276,0.9952529316951024,0.9409271992684884,0.0,0.92
AARS_v4_3_shot,Bingol,total,3,3,997,base_0948|base_0945|base_0724,3.127190297782908,3.88912772167594,0.988276827872615,0.9976787813279278,0.96352511349309,0.970778000000024,0.98
AARS_v4_1_shot,Canakkale,heating,1,1,999,base_0948,2.796748129802433,3.648995917568598,0.9729222979057408,0.9982547437216776,0.9656008714124948,0.5522620000000025,0.96
AARS_v4_1_shot,Canakkale,cooling,1,1,999,base_0948,0.7692439605231295,1.1253786947950122,0.991502693202602,0.9985203199191176,0.9698094888475652,0.0,0.96
AARS_v4_1_shot,Canakkale,total,1,1,999,base_0948,2.557646837602752,3.3437126859578576,0.970902957773703,0.9931619274585204,0.92992190587381,0.2074570000000051,0.78
AARS_v4_3_shot,Canakkale,heating,3,3,997,base_0948|base_0945|base_0724,2.5939926690182875,3.411542859061077,0.9763624096141164,0.9984702398961136,0.9684152860186988,0.6405760000000029,0.98
AARS_v4_3_shot,Canakkale,cooling,3,3,997,base_0948|base_0945|base_0724,0.6962978644591159,1.0092312056492776,0.993175260416706,0.998960858721225,0.97415539792067,0.0,0.98
AARS_v4_3_shot,Canakkale,total,3,3,997,base_0948|base_0945|base_0724,2.527177883621118,3.225527825747796,0.9729568997421116,0.9932588043484344,0.9303331681792366,1.102788000000004,0.7
AARS_v4_1_shot,Hatay,heating,1,1,999,base_0948,2.902319655543057,3.733693236581416,0.9319332280627808,0.987623138168228,0.9103793171929446,0.4893470000000004,0.84
AARS_v4_1_shot,Hatay,cooling,1,1,999,base_0948,2.4791322604584685,3.2709093167102963,0.9638833946882642,0.9983046573627734,0.9644614554434194,0.4449919999999991,0.9
AARS_v4_1_shot,Hatay,total,1,1,999,base_0948,3.4422183280089875,4.491141202839063,0.9372926089171364,0.9705922114499266,0.856180830128726,0.1543230000000051,0.92
AARS_v4_3_shot,Hatay,heating,3,3,997,base_0948|base_0945|base_0724,2.1028936259756152,2.65711453676263,0.9655833348808992,0.9911544397298422,0.9266151869262408,0.4893470000000004,0.88
AARS_v4_3_shot,Hatay,cooling,3,3,997,base_0948|base_0945|base_0724,1.958035809584857,2.6062679941779585,0.9771043507171304,0.99860074707063,0.9682904134089017,0.0,0.94
AARS_v4_3_shot,Hatay,total,3,3,997,base_0948|base_0945|base_0724,3.1436375900519447,4.008363200190227,0.95010819277812,0.9767497436414324,0.8718283364148672,0.1543230000000051,0.9
AARS_v4_1_shot,Kars,heating,1,1,999,base_0948,2.5408384903680683,3.3271019248692952,0.9958345516829572,0.9981834660311611,0.9746239225197144,0.0,0.98
AARS_v4_1_shot,Kars,cooling,1,1,999,base_0948,0.5825778845257038,0.8675558456762715,0.9712992882683528,0.9916131722905268,0.9262749723671568,0.4655380000000004,0.92
AARS_v4_1_shot,Kars,total,1,1,999,base_0948,2.5913533949179977,3.397705024669341,0.99504968845424,0.997606311722544,0.9683330625214394,0.9799199999999928,0.98
AARS_v4_3_shot,Kars,heating,3,3,997,base_0948|base_0945|base_0724,2.673405055169717,3.3869223016892738,0.9956858423470414,0.9985278165907532,0.9740184408647632,2.220088000000004,1.0
AARS_v4_3_shot,Kars,cooling,3,3,997,base_0948|base_0945|base_0724,0.5829011219187377,0.8610986034132295,0.9717546425897928,0.991134666282451,0.9265829617366156,0.0817490000000003,0.9
AARS_v4_3_shot,Kars,total,3,3,997,base_0948|base_0945|base_0724,2.844085197337758,3.676059532873928,0.9942086910530936,0.997387870688871,0.9640890543115292,0.9799199999999928,0.96
AARS_v4_1_shot,Konya,heating,1,1,999,base_0948,1.7203903783080106,2.2580442983960016,0.9963101568841466,0.9986807007408208,0.971518612801178,0.0,0.98
AARS_v4_1_shot,Konya,cooling,1,1,999,base_0948,0.8169869596663227,1.037912970564933,0.9887800810529328,0.9983305349437612,0.9660983628919504,0.1541040000000002,0.96
AARS_v4_1_shot,Konya,total,1,1,999,base_0948,2.2664535289138388,2.916850580178924,0.9921661591775116,0.9972882341259092,0.9584313772690528,0.4930189999999754,0.98
AARS_v4_3_shot,Konya,heating,3,3,997,base_0948|base_0945|base_0724,1.6818779399438983,2.108827811784771,0.9967861851379808,0.9986484915305592,0.9730597414734165,0.0,0.98
AARS_v4_3_shot,Konya,cooling,3,3,997,base_0948|base_0945|base_0724,0.6114045898172955,0.7988059991579258,0.993362521353753,0.9987617680770056,0.971085948608879,0.1541040000000002,0.96
AARS_v4_3_shot,Konya,total,3,3,997,base_0948|base_0945|base_0724,1.7480336303487607,2.233010871124649,0.9954153438360458,0.9971120958791097,0.9598313011323126,0.0,0.98
AARS_v4_1_shot,Sanliurfa,heating,1,1,999,base_0948,4.674014365172883,5.708167529966529,0.9419594156326212,0.984944700211233,0.9158236392705332,0.0,0.94
AARS_v4_1_shot,Sanliurfa,cooling,1,1,999,base_0948,5.389670110671592,7.01351836619855,0.8096309159236845,0.9518719842086576,0.806676415894853,2.546134000000009,0.54
AARS_v4_1_shot,Sanliurfa,total,1,1,999,base_0948,5.900101136089776,7.233850906500448,0.9172610494049198,0.9770200822064548,0.8797394588977757,3.934656999999987,0.72
AARS_v4_3_shot,Sanliurfa,heating,3,3,997,base_0948|base_0945|base_0724,2.997232606385309,3.7484298844877175,0.9750115621448222,0.990012931810377,0.927440957410384,0.0,0.98
AARS_v4_3_shot,Sanliurfa,cooling,3,3,997,base_0948|base_0945|base_0724,3.490733234710006,4.675588855269704,0.9155257652742907,0.963841290876517,0.8312044567437252,2.546134000000009,0.54
AARS_v4_3_shot,Sanliurfa,total,3,3,997,base_0948|base_0945|base_0724,4.24320589206374,5.153052766231964,0.9580669303263316,0.9854337259066962,0.9029135599569794,0.9413959999999976,0.94
